﻿{"cameraMode":{"drawMode":0,"name":"Shaded","section":"Shading Mode"},"sceneLighting":false,"audioPlay":false,"sceneViewState":{"showFog":true,"showMaterialUpdate":false,"showSkybox":false,"showFlares":true,"showImageEffects":true,"showParticleSystems":true},"in2DMode":false,"pivot":{"x":9.814993858337403,"y":0.9838027954101563,"z":2.4428915977478029},"rotation":{"x":0.046819642186164859,"y":0.9349181652069092,"z":-0.13470704853534699,"w":0.32494622468948367},"size":13.392147064208985,"orthographic":false}