﻿{"cameraMode":{"drawMode":0,"name":"Shaded","section":"Shading Mode"},"sceneLighting":true,"audioPlay":false,"sceneViewState":{"showFog":true,"showMaterialUpdate":false,"showSkybox":true,"showFlares":true,"showImageEffects":true,"showParticleSystems":true},"in2DMode":false,"pivot":{"x":-12.082610130310059,"y":7.7894158363342289,"z":5.635973930358887},"rotation":{"x":-0.08597442507743836,"y":0.020622054114937784,"z":-0.0017798575572669507,"w":-0.9960823655128479},"size":85.226806640625,"orthographic":false}